{
    "partners": {
        "0": {
            "0": 0.44785276073619634,
            "1": 0.3312883435582822,
            "2": 0.19631901840490798,
            "3": 0.018404907975460124,
            "4": 0.006134969325153374
        }
    },
    "none": {
        "0": {
            "0": 0.34277620396600567,
            "1": 0.5807365439093485,
            "2": 0.06232294617563739,
            "3": 0.0113314447592068,
            "5": 0.0028328611898017
        }
    },
    "married": {
        "0": {
            "0": 0.33112582781456956,
            "1": 0.41280353200883,
            "2": 0.20088300220750552,
            "3": 0.04194260485651214,
            "4": 0.011037527593818985,
            "5": 0.002207505518763797
        }
    },
    "partners_with_children": {
        "1": {
            "0": 0.2926829268292683,
            "1": 0.36585365853658536,
            "2": 0.14634146341463414,
            "3": 0.14634146341463414,
            "4": 0.04878048780487805
        },
        "2": {
            "0": 0.5777777777777777,
            "1": 0.1111111111111111,
            "2": 0.13333333333333333,
            "3": 0.06666666666666667,
            "4": 0.06666666666666667,
            "5": 0.022222222222222223,
            "6": 0.022222222222222223
        },
        "3": {
            "0": 1.0
        },
        "4": {
            "0": 1.0
        }
    },
    "mother_with_children": {
        "1": {
            "0": 0.40298507462686567,
            "1": 0.3283582089552239,
            "2": 0.19402985074626866,
            "3": 0.014925373134328358,
            "4": 0.05970149253731343
        },
        "2": {
            "0": 0.18518518518518517,
            "1": 0.4444444444444444,
            "2": 0.07407407407407407,
            "3": 0.14814814814814814,
            "4": 0.1111111111111111,
            "5": 0.037037037037037035
        },
        "3": {
            "0": 1.0
        },
        "4": {
            "4": 0.5,
            "5": 0.5
        }
    },
    "father_with_children": {
        "1": {
            "0": 0.4,
            "1": 0.5111111111111111,
            "2": 0.022222222222222223,
            "3": 0.044444444444444446,
            "6": 0.022222222222222223
        },
        "2": {
            "0": 0.375,
            "1": 0.625
        },
        "3": {
            "0": 1.0
        },
        "4": {
            "0": 1.0
        }
    },
    "married_with_children": {
        "1": {
            "0": 0.2750809061488673,
            "1": 0.5566343042071198,
            "2": 0.07766990291262135,
            "3": 0.06472491909385113,
            "4": 0.009708737864077669,
            "5": 0.009708737864077669,
            "7": 0.003236245954692557,
            "8": 0.003236245954692557
        },
        "2": {
            "0": 0.1037037037037037,
            "1": 0.6518518518518519,
            "2": 0.06666666666666667,
            "3": 0.037037037037037035,
            "4": 0.1259259259259259,
            "5": 0.014814814814814815
        },
        "3": {
            "2": 0.375,
            "4": 0.125,
            "5": 0.5
        },
        "4": {
            "2": 0.5,
            "3": 0.5
        }
    }
}
