{
    "partners": {
        "0": {
            "0": 0.22699386503067484,
            "1": 0.5153374233128835,
            "2": 0.25153374233128833,
            "3": 0.006134969325153374
        }
    },
    "none": {
        "0": {
            "0": 0.4689265536723164,
            "1": 0.5112994350282486,
            "2": 0.01977401129943503
        }
    },
    "married": {
        "0": {
            "0": 0.20309050772626933,
            "1": 0.7196467991169978,
            "2": 0.07505518763796909,
            "3": 0.002207505518763797
        }
    },
    "father_with_children": {
        "1": {
            "0": 0.15555555555555556,
            "1": 0.8444444444444444
        },
        "2": {
            "0": 0.125,
            "1": 0.875
        },
        "3": {
            "1": 1.0
        },
        "4": {
            "1": 1.0
        }
    },
    "partners_with_children": {
        "1": {
            "0": 0.17073170731707318,
            "1": 0.7073170731707317,
            "2": 0.12195121951219512
        },
        "2": {
            "0": 0.28888888888888886,
            "1": 0.35555555555555557,
            "2": 0.35555555555555557
        },
        "3": {
            "1": 1.0
        },
        "4": {
            "1": 1.0
        }
    },
    "married_with_children": {
        "1": {
            "0": 0.2588996763754045,
            "1": 0.627831715210356,
            "2": 0.07119741100323625,
            "3": 0.042071197411003236
        },
        "2": {
            "0": 0.13284132841328414,
            "1": 0.6937269372693727,
            "2": 0.16974169741697417,
            "3": 0.0036900369003690036
        },
        "3": {
            "1": 0.625,
            "2": 0.375
        },
        "4": {
            "1": 1.0
        }
    },
    "mother_with_children": {
        "1": {
            "0": 0.29850746268656714,
            "1": 0.6567164179104478,
            "2": 0.029850746268656716,
            "3": 0.014925373134328358
        },
        "2": {
            "0": 0.14814814814814814,
            "1": 0.7777777777777778,
            "2": 0.07407407407407407
        },
        "3": {
            "1": 1.0
        },
        "4": {
            "1": 1.0
        }
    }
}
