{
    "1": {
        "0": 0.9397260273972603,
        "1": 0.049315068493150684,
        "2": 0.010958904109589041
    },
    "2": {
        "0": 0.8581661891117478,
        "1": 0.12607449856733524,
        "2": 0.015759312320916905
    },
    "3": {
        "0": 0.2630480167014614,
        "1": 0.6805845511482255,
        "2": 0.05636743215031315
    },
    "4": {
        "0": 0.10513447432762836,
        "1": 0.14425427872860636,
        "2": 0.7481662591687042,
        "3": 0.0024449877750611247
    },
    "5": {
        "0": 0.15384615384615385,
        "1": 0.20512820512820512,
        "2": 0.41025641025641024,
        "3": 0.1794871794871795,
        "4": 0.05128205128205128
    },
    "6": {
        "0": 0.2222222222222222,
        "1": 0.1111111111111111,
        "2": 0.4444444444444444,
        "3": 0.1111111111111111,
        "4": 0.1111111111111111
    },
    "7": {
        "0": 1.0
    },
    "9": {
        "5": 1.0
    }
}
