{
    "1": 0.18240879560219891,
    "2": 0.3488255872063968,
    "3": 0.23938030984507747,
    "4": 0.20439780109945027,
    "5": 0.019490254872563718,
    "6": 0.004497751124437781,
    "7": 0.0004997501249375312,
    "9": 0.0004997501249375312
}
