{
    "0": 0.06323185011709602,
    "1": 0.28337236533957844,
    "2": 0.27400468384074944,
    "3": 0.22014051522248243,
    "4": 0.12177985948477751,
    "5": 0.02576112412177986,
    "6": 0.00936768149882904,
    "7": 0.00234192037470726
}
