{
    "M": {
        "0": 0.011024601445704517,
        "1": 0.011649917927211801,
        "2": 0.011473198052003222,
        "3": 0.010208971252434147,
        "4": 0.00980115615579896,
        "5": 0.008934549075449192,
        "6": 0.007976183598356505,
        "7": 0.007632939225355224,
        "8": 0.0070857873040363496,
        "9": 0.007551376206028187,
        "10": 0.007588759256553079,
        "11": 0.007758682213484406,
        "12": 0.007816456018841058,
        "13": 0.00784364369195007,
        "14": 0.008234466492892122,
        "15": 0.008434975582071088,
        "16": 0.009274394989311846,
        "17": 0.009474904078490812,
        "18": 0.009773968482689948,
        "19": 0.012200468307669302,
        "20": 0.014766304957332346,
        "21": 0.015313456878651219,
        "22": 0.01546978599902804,
        "23": 0.016696629748072223,
        "24": 0.017067061794182516,
        "25": 0.01916051262357647,
        "26": 0.020207238038273446,
        "27": 0.02170935697754638,
        "28": 0.02053009165644297,
        "29": 0.019717859922311225,
        "30": 0.020081495050144265,
        "31": 0.0199965335716786,
        "32": 0.01897699583009064,
        "33": 0.018728908312970898,
        "34": 0.018783283659188924,
        "35": 0.017362727739243026,
        "36": 0.016625262106161068,
        "37": 0.01608830556225807,
        "38": 0.01491923561857054,
        "39": 0.013784150266269274,
        "40": 0.01297191853213753,
        "41": 0.012061131482985614,
        "42": 0.011293079717656015,
        "43": 0.010994015313456878,
        "44": 0.011085773710199795,
        "45": 0.011286282799378761,
        "46": 0.011388236573537557,
        "47": 0.011136750597279194,
        "48": 0.01114014905641782,
        "49": 0.011585347203577899,
        "50": 0.012295625163550846,
        "51": 0.014076417752191157,
        "52": 0.0149396263734023,
        "53": 0.016207251632110002,
        "54": 0.015925179523603998,
        "55": 0.016462136067506992,
        "56": 0.016540300627695403,
        "57": 0.0159897502472379,
        "58": 0.01606111788914906,
        "59": 0.016499519118031884,
        "60": 0.015245487695878688,
        "61": 0.014025440865111758,
        "62": 0.01407301929305253,
        "63": 0.013080669224573578,
        "64": 0.011303275095071895,
        "65": 0.00809852812734706,
        "66": 0.006773129063282707,
        "67": 0.006892075133134637,
        "68": 0.006195391009716195,
        "69": 0.006416290853726921,
        "70": 0.006718753717064683,
        "71": 0.006586213810658248,
        "72": 0.006297344783874991,
        "73": 0.006164804877468556,
        "74": 0.006310938620429497,
        "75": 0.006300743243013618,
        "76": 0.005706012893753972,
        "77": 0.005495308427159126,
        "78": 0.005410346948693462,
        "79": 0.005376362357307197,
        "80": 0.004944758046701626,
        "81": 0.0043024492695012085,
        "82": 0.003898032632004649,
        "83": 0.0032421300182497257,
        "84": 0.00264739966899008,
        "85": 0.002525055139999524,
        "86": 0.0020424739423145545,
        "87": 0.0018317694757197087,
        "88": 0.0012812190952622082,
        "89": 0.0009311778039836738,
        "90+": 0.002219193817523135
    },
    "F": {
        "0": 0.008639990472787901,
        "1": 0.010015481719661785,
        "2": 0.009824937477670596,
        "3": 0.009041919733238061,
        "4": 0.00799392640228653,
        "5": 0.0073895438847207335,
        "6": 0.0068536382041205195,
        "7": 0.006520185780635942,
        "8": 0.00593664403953793,
        "9": 0.006305823508395855,
        "10": 0.006356436822674765,
        "11": 0.0063207097773014176,
        "12": 0.006415981898297011,
        "13": 0.006725616291532691,
        "14": 0.00676432059068715,
        "15": 0.006910206025961653,
        "16": 0.007621769679647493,
        "17": 0.008035607955222103,
        "18": 0.008541741098011195,
        "19": 0.011030725259021079,
        "20": 0.013248779325949743,
        "21": 0.013748957961176611,
        "22": 0.014320590687150173,
        "23": 0.01577646778611409,
        "24": 0.015952125759199715,
        "25": 0.01729486721448136,
        "26": 0.018447064427771824,
        "27": 0.01912587828986543,
        "28": 0.018461950696677384,
        "29": 0.018074907705132787,
        "30": 0.017857568179111587,
        "31": 0.018045135167321664,
        "32": 0.017190663332142433,
        "33": 0.016732166249851136,
        "34": 0.01638978206502322,
        "35": 0.016288555436465405,
        "36": 0.015112540192926046,
        "37": 0.01387697987376444,
        "38": 0.012924258663808502,
        "39": 0.01207871858997261,
        "40": 0.011164701679171133,
        "41": 0.010387638442300822,
        "42": 0.010167321662498511,
        "43": 0.01002441348100512,
        "44": 0.00973859711801834,
        "45": 0.010342979635584138,
        "46": 0.0103340478742408,
        "47": 0.010703227343098726,
        "48": 0.010878885316184351,
        "49": 0.011501131356436822,
        "50": 0.012179945218530427,
        "51": 0.014010956293914493,
        "52": 0.014719542693819221,
        "53": 0.016044420626414195,
        "54": 0.015856853638204122,
        "55": 0.01704775515064904,
        "56": 0.017592592592592594,
        "57": 0.01738120757413362,
        "58": 0.01708348219602239,
        "59": 0.01772954626652376,
        "60": 0.016330236989400976,
        "61": 0.015871739907109682,
        "62": 0.015026199833273789,
        "63": 0.014460521614862451,
        "64": 0.01276646421340955,
        "65": 0.009110396570203644,
        "66": 0.008074312254376563,
        "67": 0.008428605454328927,
        "68": 0.0073865666309396215,
        "69": 0.008500059545075623,
        "70": 0.008660831249255686,
        "71": 0.009458735262593783,
        "72": 0.00856258187447898,
        "73": 0.00889901155174467,
        "74": 0.009140169108014767,
        "75": 0.008991306418959151,
        "76": 0.008788853161843515,
        "77": 0.008449446230796713,
        "78": 0.008115993807312136,
        "79": 0.008020721686316542,
        "80": 0.007961176610694296,
        "81": 0.007562224604025247,
        "82": 0.0069042515183994286,
        "83": 0.006204596879838037,
        "84": 0.005749077051327855,
        "85": 0.00530248898416101,
        "86": 0.004433130880076218,
        "87": 0.0037215672263903776,
        "88": 0.0030010718113612006,
        "89": 0.0020364415862808146,
        "90+": 0.004998809098487555
    }
}
