{
    "married_with_children": {
        "1": 0.5436923028033621,
        "2": 0.3734302919881997,
        "3": 0.06697244305091389,
        "4": 0.01590496215752427
    },
    "partners_with_children": {
        "1": 0.6246151417067972,
        "2": 0.2732296518512671,
        "3": 0.06986658245835636,
        "4": 0.03228862398357938
    },
    "mother_with_children": {
        "1": 0.6894976632770484,
        "2": 0.24702332026020996,
        "3": 0.04927080153119936,
        "4": 0.014208214931542238
    },
    "father_with_children": {
        "1": 0.7761133273630221,
        "2": 0.1887161116990963,
        "3": 0.026133680696898153,
        "4": 0.009036880240983473
    }
}
