{
    "married": 0.2727723655170876,
    "married_with_children": 0.38828387988496776,
    "partners": 0.04153755266736518,
    "partners_with_children": 0.019640189936910628,
    "mother_with_children": 0.23444501415609603,
    "father_with_children": 0.04332099783757273
}
