{
    "single_family": {
        "1": 0.0,
        "2": 0.4690198950849338,
        "3": 0.30875836142917157,
        "4": 0.17960511434018764,
        "5": 0.0338227215442119,
        "6": 0.006493100811099023,
        "7": 0.0023008067903960705
    },
    "single_family_with_parents": {
        "1": 0.0,
        "2": 0.0,
        "3": 0.40522270840345564,
        "4": 0.32881745764613485,
        "5": 0.2108156625154269,
        "6": 0.04507461012004937,
        "7": 0.010069561314933244
    },
    "single_family_with_others": {
        "1": 0.0,
        "2": 0.0,
        "3": 0.5193120225342495,
        "4": 0.30348683368187446,
        "5": 0.12244462464256754,
        "6": 0.036319405915240494,
        "7": 0.01843711322606803
    },
    "two_families_related": {
        "1": 0.0,
        "2": 0.0,
        "3": 0.0,
        "4": 0.31912848446010894,
        "5": 0.35459788529317526,
        "6": 0.2168535725728933,
        "7": 0.1094200576738225
    },
    "two_families_unrelated": {
        "1": 0.0,
        "2": 0.0,
        "3": 0.0,
        "4": 0.1229802513464991,
        "5": 0.3227109515260323,
        "6": 0.2670556552962298,
        "7": 0.2872531418312388
    },
    "three_and_more_families": {
        "1": 0.0,
        "2": 0.0,
        "3": 0.0,
        "4": 0.0,
        "5": 0.0,
        "6": 0.19782813975448538,
        "7": 0.8021718602455147
    },
    "unrelated": {
        "1": 0.8816600599876407,
        "2": 0.10478996789606161,
        "3": 0.01087841198547033,
        "4": 0.0023098256138182585,
        "5": 0.00032028577026843716,
        "6": 4.1448746740621276e-05,
        "7": 0.0
    }
}
