{
    "M": 0.4669679796740678,
    "F": 0.5330320203259322
}
