{
    "0-5": 0.06757193242806758,
    "6-15_K": 0.044112955887044114,
    "6-15_M": 0.044112955887044114,
    "16-19_K": 0.013827486172513828,
    "16-19_M": 0.013827486172513828,
    "20-24_K": 0.019773980226019776,
    "20-24_M": 0.019773980226019776,
    "25-44_K": 0.15951384048615952,
    "25-44_M": 0.15951384048615952,
    "45-60_K": 0.0985886014113986,
    "45-65_M": 0.12049717950282052,
    "61-x_K": 0.1528868871131129,
    "66-x_M": 0.085998874001126
}
