{
    "F": {
        "16": {
            "0": 0.19230769230769232,
            "1": 0.8076923076923077
        },
        "17": {
            "0": 0.19230769230769232,
            "1": 0.8076923076923077
        },
        "18": {
            "0": 0.19230769230769232,
            "1": 0.8076923076923077
        },
        "19": {
            "0": 0.19230769230769232,
            "1": 0.8076923076923077
        },
        "20": {
            "0": 0.15593220338983052,
            "1": 0.8440677966101695
        },
        "21": {
            "0": 0.15593220338983052,
            "1": 0.8440677966101695
        },
        "22": {
            "0": 0.15593220338983052,
            "1": 0.8440677966101695
        },
        "23": {
            "0": 0.15593220338983052,
            "1": 0.8440677966101695
        },
        "24": {
            "0": 0.15593220338983052,
            "1": 0.8440677966101695
        },
        "25": {
            "0": 0.1682403433476395,
            "1": 0.8317596566523605
        },
        "26": {
            "0": 0.1682403433476395,
            "1": 0.8317596566523605
        },
        "27": {
            "0": 0.1682403433476395,
            "1": 0.8317596566523605
        },
        "28": {
            "0": 0.1682403433476395,
            "1": 0.8317596566523605
        },
        "29": {
            "0": 0.1682403433476395,
            "1": 0.8317596566523605
        },
        "30": {
            "0": 0.1682403433476395,
            "1": 0.8317596566523605
        },
        "31": {
            "0": 0.1682403433476395,
            "1": 0.8317596566523605
        },
        "32": {
            "0": 0.1682403433476395,
            "1": 0.8317596566523605
        },
        "33": {
            "0": 0.1682403433476395,
            "1": 0.8317596566523605
        },
        "34": {
            "0": 0.1682403433476395,
            "1": 0.8317596566523605
        },
        "35": {
            "0": 0.1682403433476395,
            "1": 0.8317596566523605
        },
        "36": {
            "0": 0.1682403433476395,
            "1": 0.8317596566523605
        },
        "37": {
            "0": 0.1682403433476395,
            "1": 0.8317596566523605
        },
        "38": {
            "0": 0.1682403433476395,
            "1": 0.8317596566523605
        },
        "39": {
            "0": 0.1682403433476395,
            "1": 0.8317596566523605
        },
        "40": {
            "0": 0.1682403433476395,
            "1": 0.8317596566523605
        },
        "41": {
            "0": 0.1682403433476395,
            "1": 0.8317596566523605
        },
        "42": {
            "0": 0.1682403433476395,
            "1": 0.8317596566523605
        },
        "43": {
            "0": 0.1682403433476395,
            "1": 0.8317596566523605
        },
        "44": {
            "0": 0.1682403433476395,
            "1": 0.8317596566523605
        },
        "45": {
            "0": 0.20124223602484473,
            "1": 0.7987577639751553
        },
        "46": {
            "0": 0.20124223602484473,
            "1": 0.7987577639751553
        },
        "47": {
            "0": 0.20124223602484473,
            "1": 0.7987577639751553
        },
        "48": {
            "0": 0.20124223602484473,
            "1": 0.7987577639751553
        },
        "49": {
            "0": 0.20124223602484473,
            "1": 0.7987577639751553
        },
        "50": {
            "0": 0.20124223602484473,
            "1": 0.7987577639751553
        },
        "51": {
            "0": 0.20124223602484473,
            "1": 0.7987577639751553
        },
        "52": {
            "0": 0.20124223602484473,
            "1": 0.7987577639751553
        },
        "53": {
            "0": 0.20124223602484473,
            "1": 0.7987577639751553
        },
        "54": {
            "0": 0.20124223602484473,
            "1": 0.7987577639751553
        },
        "55": {
            "0": 0.20124223602484473,
            "1": 0.7987577639751553
        },
        "56": {
            "0": 0.20124223602484473,
            "1": 0.7987577639751553
        },
        "57": {
            "0": 0.20124223602484473,
            "1": 0.7987577639751553
        },
        "58": {
            "0": 0.20124223602484473,
            "1": 0.7987577639751553
        },
        "59": {
            "0": 0.20124223602484473,
            "1": 0.7987577639751553
        },
        "60": {
            "0": 0.20124223602484473,
            "1": 0.7987577639751553
        },
        "6": {
            "0": 0.18181818181818182,
            "1": 0.8181818181818182
        },
        "7": {
            "0": 0.18181818181818182,
            "1": 0.8181818181818182
        },
        "8": {
            "0": 0.18181818181818182,
            "1": 0.8181818181818182
        },
        "9": {
            "0": 0.18181818181818182,
            "1": 0.8181818181818182
        },
        "10": {
            "0": 0.18181818181818182,
            "1": 0.8181818181818182
        },
        "11": {
            "0": 0.18181818181818182,
            "1": 0.8181818181818182
        },
        "12": {
            "0": 0.18181818181818182,
            "1": 0.8181818181818182
        },
        "13": {
            "0": 0.18181818181818182,
            "1": 0.8181818181818182
        },
        "14": {
            "0": 0.18181818181818182,
            "1": 0.8181818181818182
        },
        "15": {
            "0": 0.18181818181818182,
            "1": 0.8181818181818182
        },
        "61": {
            "0": 0.3361847733105218,
            "1": 0.6638152266894782
        },
        "62": {
            "0": 0.3361847733105218,
            "1": 0.6638152266894782
        },
        "63": {
            "0": 0.3361847733105218,
            "1": 0.6638152266894782
        },
        "64": {
            "0": 0.3361847733105218,
            "1": 0.6638152266894782
        },
        "65": {
            "0": 0.3361847733105218,
            "1": 0.6638152266894782
        },
        "66": {
            "0": 0.3361847733105218,
            "1": 0.6638152266894782
        },
        "67": {
            "0": 0.3361847733105218,
            "1": 0.6638152266894782
        },
        "68": {
            "0": 0.3361847733105218,
            "1": 0.6638152266894782
        },
        "69": {
            "0": 0.3361847733105218,
            "1": 0.6638152266894782
        },
        "70": {
            "0": 0.3361847733105218,
            "1": 0.6638152266894782
        },
        "71": {
            "0": 0.3361847733105218,
            "1": 0.6638152266894782
        },
        "72": {
            "0": 0.3361847733105218,
            "1": 0.6638152266894782
        },
        "73": {
            "0": 0.3361847733105218,
            "1": 0.6638152266894782
        },
        "74": {
            "0": 0.3361847733105218,
            "1": 0.6638152266894782
        },
        "75": {
            "0": 0.3361847733105218,
            "1": 0.6638152266894782
        },
        "76": {
            "0": 0.3361847733105218,
            "1": 0.6638152266894782
        },
        "77": {
            "0": 0.3361847733105218,
            "1": 0.6638152266894782
        },
        "78": {
            "0": 0.3361847733105218,
            "1": 0.6638152266894782
        },
        "79": {
            "0": 0.3361847733105218,
            "1": 0.6638152266894782
        },
        "80": {
            "0": 0.3361847733105218,
            "1": 0.6638152266894782
        },
        "81": {
            "0": 0.3361847733105218,
            "1": 0.6638152266894782
        },
        "82": {
            "0": 0.3361847733105218,
            "1": 0.6638152266894782
        },
        "83": {
            "0": 0.3361847733105218,
            "1": 0.6638152266894782
        },
        "84": {
            "0": 0.3361847733105218,
            "1": 0.6638152266894782
        },
        "85": {
            "0": 0.3361847733105218,