{
    "16-19": {
        "F": {
            "0": 0.19230769230769232,
            "1": 0.8076923076923077
        },
        "M": {
            "0": 0.08148148148148149,
            "1": 0.9185185185185185
        }
    },
    "20-24": {
        "F": {
            "0": 0.15593220338983052,
            "1": 0.8440677966101695
        },
        "M": {
            "0": 0.19863013698630136,
            "1": 0.8013698630136986
        }
    },
    "25-44": {
        "F": {
            "0": 0.1682403433476395,
            "1": 0.8317596566523605
        },
        "M": {
            "0": 0.15977961432506887,
            "1": 0.8402203856749312
        }
    },
    "45-60": {
        "F": {
            "0": 0.20124223602484473,
            "1": 0.7987577639751553
        }
    },
    "45-65": {
        "M": {
            "0": 0.18851570964247022,
            "1": 0.8114842903575298
        }
    },
    "6-15": {
        "F": {
            "0": 0.18181818181818182,
            "1": 0.8181818181818182
        },
        "M": {
            "0": 0.13793103448275862,
            "1": 0.8620689655172413
        }
    },
    "61-99": {
        "F": {
            "0": 0.3361847733105218,
            "1": 0.6638152266894782
        }
    },
    "66-99": {
        "M": {
            "0": 0.3891402714932127,
            "1": 0.6108597285067874
        }
    }
}
