{
    "16-19": {
        "F": {
            "0": 0.011904761904761904,
            "1": 0.023809523809523808,
            "2": 0.2857142857142857,
            "3": 0.4166666666666667,
            "4": 0.2619047619047619
        },
        "M": {
            "0": 0.003968253968253968,
            "1": 0.07936507936507936,
            "2": 0.2896825396825397,
            "3": 0.4880952380952381,
            "4": 0.1388888888888889
        }
    },
    "20-24": {
        "F": {
            "0": 0.014705882352941176,
            "1": 0.04595588235294118,
            "2": 0.20955882352941177,
            "3": 0.42463235294117646,
            "4": 0.30514705882352944
        },
        "M": {
            "0": 0.002061855670103093,
            "1": 0.041237113402061855,
            "2": 0.28865979381443296,
            "3": 0.3752577319587629,
            "4": 0.2927835051546392
        }
    },
    "25-44": {
        "F": {
            "0": 0.01686046511627907,
            "1": 0.03430232558139535,
            "2": 0.34593023255813954,
            "3": 0.3918604651162791,
            "4": 0.21104651162790697
        },
        "M": {
            "0": 0.0054832076764907475,
            "1": 0.04043865661411926,
            "2": 0.36737491432488006,
            "3": 0.37491432488005483,
            "4": 0.2117888965044551
        }
    },
    "45-60": {
        "F": {
            "0": 0.024896265560165973,
            "1": 0.048132780082987554,
            "2": 0.3809128630705394,
            "3": 0.34937759336099583,
            "4": 0.1966804979253112
        }
    },
    "45-65": {
        "M": {
            "0": 0.016792611251049538,
            "1": 0.037783375314861464,
            "2": 0.44584382871536526,
            "3": 0.3534844668345928,
            "4": 0.14609571788413098
        }
    },
    "6-15": {
        "F": {
            "0": 0.0036968576709796672,
            "1": 0.029574861367837338,
            "2": 0.3974121996303142,
            "3": 0.36229205175600737,
            "4": 0.20702402957486138
        },
        "M": {
            "0": 0.004784688995215311,
            "1": 0.007177033492822967,
            "2": 0.36363636363636365,
            "3": 0.43301435406698563,
            "4": 0.19138755980861244
        }
    },
    "61-99": {
        "F": {
            "0": 0.01882693700217234,
            "1": 0.020275162925416364,
            "2": 0.5756698044895003,
            "3": 0.23823316437364228,
            "4": 0.14699493120926865
        }
    },
    "66-99": {
        "M": {
            "0": 0.025280898876404494,
            "1": 0.03651685393258427,
            "2": 0.526685393258427,
            "3": 0.24157303370786518,
            "4": 0.1699438202247191
        }
    }
}
