{
    "16-19": {
        "F": 0.125,
        "M": 0.3333333333333333
    },
    "20-24": {
        "F": 0.6528925619834711,
        "M": 0.8974358974358975
    },
    "25-44": {
        "F": 0.8523421588594705,
        "M": 0.9393019726858877
    },
    "45-60": {
        "F": 0.746938775510204
    },
    "45-65": {
        "M": 0.9376915219611849
    },
    "6-15": {
        "F": 0.0,
        "M": 0.0
    },
    "61-99": {
        "F": 0.27936507936507937
    },
    "66-99": {
        "M": 0.8796296296296297
    }
}
