{
    "16-19_K": {
        "0": 0.875,
        "1": 0.125
    },
    "16-19_M": {
        "0": 0.6666666666666666,
        "1": 0.3333333333333333
    },
    "20-24_K": {
        "0": 0.34710743801652894,
        "1": 0.6528925619834711
    },
    "20-24_M": {
        "0": 0.10256410256410256,
        "1": 0.8974358974358975
    },
    "25-44_K": {
        "0": 0.14765784114052954,
        "1": 0.8523421588594705
    },
    "25-44_M": {
        "0": 0.06069802731411229,
        "1": 0.9393019726858877
    },
    "45-60_K": {
        "0": 0.2530612244897959,
        "1": 0.746938775510204
    },
    "45-65_M": {
        "0": 0.06230847803881512,
        "1": 0.9376915219611849
    },
    "6-15_K": {
        "0": 1.0
    },
    "6-15_M": {
        "0": 1.0
    },
    "61-x_K": {
        "0": 0.7206349206349206,
        "1": 0.27936507936507937
    },
    "66-x_M": {
        "0": 0.12037037037037036,
        "1": 0.8796296296296297
    }
}