{
    "16-19_K": {
        "adults_entertainment": 0.022895324258243158,
        "culture_and_entertainment": 0.013298253579917782,
        "gastronomy": 0.24017780308644648,
        "grocery_shopping": 0.1919794250805611,
        "healthcare": 0.053113521102279015,
        "leisure_time_schools": 0.004430775078293828,
        "official_matters": 0.054796675014766955,
        "other": 0.008860610293082695,
        "other_shopping": 0.25177772037275015,
        "pharmacy": 0.0389305651490476,
        "religion": 0.010188303444913368,
        "services": 0.10784038612101979,
        "sport": 0.001710637418678041
    },
    "16-19_M": {
        "adults_entertainment": 0.022895324258243158,
        "culture_and_entertainment": 0.013298253579917782,
        "gastronomy": 0.24017780308644648,
        "grocery_shopping": 0.1919794250805611,
        "healthcare": 0.053113521102279015,
        "leisure_time_schools": 0.004430775078293828,
        "official_matters": 0.054796675014766955,
        "other": 0.008860610293082695,
        "other_shopping": 0.25177772037275015,
        "pharmacy": 0.0389305651490476,
        "religion": 0.010188303444913368,
        "services": 0.10784038612101979,
        "sport": 0.001710637418678041
    },
    "20-24_K": {
        "adults_entertainment": 0.022895324258243158,
        "culture_and_entertainment": 0.013298253579917782,
        "gastronomy": 0.24017780308644648,
        "grocery_shopping": 0.1919794250805611,
        "healthcare": 0.053113521102279015,
        "leisure_time_schools": 0.004430775078293828,
        "official_matters": 0.054796675014766955,
        "other": 0.008860610293082695,
        "other_shopping": 0.25177772037275015,
        "pharmacy": 0.0389305651490476,
        "religion": 0.010188303444913368,
        "services": 0.10784038612101979,
        "sport": 0.001710637418678041
    },
    "20-24_M": {
        "adults_entertainment": 0.022895324258243158,
        "culture_and_entertainment": 0.013298253579917782,
        "gastronomy": 0.24017780308644648,
        "grocery_shopping": 0.1919794250805611,
        "healthcare": 0.053113521102279015,
        "leisure_time_schools": 0.004430775078293828,
        "official_matters": 0.054796675014766955,
        "other": 0.008860610293082695,
        "other_shopping": 0.25177772037275015,
        "pharmacy": 0.0389305651490476,
        "religion": 0.010188303444913368,
        "services": 0.10784038612101979,
        "sport": 0.001710637418678041
    },
    "25-44_K": {
        "adults_entertainment": 0.022895324258243158,
        "culture_and_entertainment": 0.013298253579917782,
        "gastronomy": 0.24017780308644648,
        "grocery_shopping": 0.1919794250805611,
        "healthcare": 0.053113521102279015,
        "leisure_time_schools": 0.004430775078293828,
        "official_matters": 0.054796675014766955,
        "other": 0.008860610293082695,
        "other_shopping": 0.25177772037275015,
        "pharmacy": 0.0389305651490476,
        "religion": 0.010188303444913368,
        "services": 0.10784038612101979,
        "sport": 0.001710637418678041
    },
    "25-44_M": {
        "adults_entertainment": 0.022895324258243158,
        "culture_and_entertainment": 0.013298253579917782,
        "gastronomy": 0.24017780308644648,
        "grocery_shopping": 0.1919794250805611,
        "healthcare": 0.053113521102279015,
        "leisure_time_schools": 0.004430775078293828,
        "official_matters": 0.054796675014766955,
        "other": 0.008860610293082695,
        "other_shopping": 0.25177772037275015,
        "pharmacy": 0.0389305651490476,
        "religion": 0.010188303444913368,
        "services": 0.10784038612101979,
        "sport": 0.001710637418678041
    },
    "45-60_K": {
        "adults_entertainment": 0.022895324258243158,
        "culture_and_entertainment": 0.013298253579917782,
        "gastronomy": 0.24017780308644648,
        "grocery_shopping": 0.1919794250805611,
        "healthcare": 0.053113521102279015,
        "leisure_time_schools": 0.004430775078293828,
        "official_matters": 0.054796675014766955,
        "other": 0.008860610293082695,
        "other_shopping": 0.25177772037275015,
        "pharmacy": 0.0389305651490476,
        "religion": 0.010188303444913368,
        "services": 0.10784038612101979,
        "sport": 0.001710637418678041
    },
    "45-65_M": {
        "adults_entertainment": 0.022895324258243158,
        "culture_and_entertainment": 0.013298253579917782,
        "gastronomy": 0.24017780308644648,
        "grocery_shopping": 0.1919794250805611,
        "healthcare": 0.053113521102279015,
        "leisure_time_schools": 0.004430775078293828,
        "official_matters": 0.054796675014766955,
        "other": 0.008860610293082695,
        "other_shopping": 0.25177772037275015,
        "pharmacy": 0.0389305651490476,
        "religion": 0.010188303444913368,
        "services": 0.10784038612101979,
        "sport": 0.001710637418678041
    },
    "6-15_K": {
        "culture_and_entertainment": 0.013609855637854338,
        "gastronomy": 0.24580560204987098,
        "grocery_shopping": 0.1964778491463285,
        "healthcare": 0.054358066664616615,
        "leisure_time_schools": 0.004534596127001706,
        "official_matters": 0.05608065990797634,
        "other": 0.00906823036780197,
        "other_shopping": 0.25767732631267604,
        "pharmacy": 0.03984277848173631,
        "religion": 0.010427033763991607,
        "services": 0.11036728080249346,
        "sport": 0.0017507207376522194
    },
    "6-15_M": {
        "culture_and_entertainment": 0.013609855637854338,
        "gastronomy": 0.24580560204987098,
        "grocery_shopping": 0.1964778491463285,
        "healthcare": 0.054358066664616615,
        "leisure_time_schools": 0.004534596127001706,
        "official_matters": 0.05608065990797634,
        "other": 0.00906823036780197,
        "other_shopping": 0.25767732631267604,
        "pharmacy": 0.03984277848173631,
        "religion": 0.010427033763991607,
        "services": 0.11036728080249346,
        "sport": 0.0017507207376522194
    },
    "61-x_K": {
        "adults_entertainment": 0.022895324258243158,
        "culture_and_entertainment": 0.013298253579917782,
        "gastronomy": 0.24017780308644648,
        "grocery_shopping": 0.1919794250805611,
        "healthcare": 0.053113521102279015,
        "leisure_time_schools": 0.004430775078293828,
        "official_matters": 0.054796675014766955,
        "other": 0.008860610293082695,
        "other_shopping": 0.25177772037275015,
        "pharmacy": 0.0389305651490476,
        "religion": 0.010188303444913368,
        "services": 0.10784038612101979,
        "sport": 0.001710637418678041
    },
    "66-x_M": {
        "adults_entertainment": 0.022895324258243158,
        "culture_and_entertainment": 0.013298253579917782,
        "gastronomy": 0.24017780308644648,
        "grocery_shopping": 0.1919794250805611,
        "healthcare": 0.053113521102279015,
        "leisure_time_schools": 0.004430775078293828,
        "official_matters": 0.054796675014766955,
        "other": 0.008860610293082695,
        "other_shopping": 0.25177772037275015,
        "pharmacy": 0.0389305651490476,
        "religion": 0.010188303444913368,
        "services": 0.10784038612101979,
        "sport": 0.001710637418678041
    }
}