{
    "16-19": {
        "F": {
            "0": 0.30952380952380953,
            "1": 0.23809523809523808,
            "2": 0.23214285714285715,
            "3": 0.22023809523809523
        },
        "M": {
            "0": 0.3107569721115538,
            "1": 0.1952191235059761,
            "2": 0.28286852589641437,
            "3": 0.21115537848605578
        }
    },
    "20-24": {
        "F": {
            "0": 0.27941176470588236,
            "1": 0.21691176470588236,
            "2": 0.27941176470588236,
            "3": 0.22426470588235295
        },
        "M": {
            "0": 0.3450413223140496,
            "1": 0.2231404958677686,
            "2": 0.2024793388429752,
            "3": 0.22933884297520662
        }
    },
    "25-44": {
        "F": {
            "0": 0.24767441860465117,
            "1": 0.22965116279069767,
            "2": 0.2668604651162791,
            "3": 0.2558139534883721
        },
        "M": {
            "0": 0.29129540781357094,
            "1": 0.2371487320082248,
            "2": 0.25154215215901304,
            "3": 0.22001370801919123
        }
    },
    "45-60": {
        "F": {
            "0": 0.22157676348547717,
            "1": 0.2107883817427386,
            "2": 0.24398340248962655,
            "3": 0.3236514522821577
        }
    },
    "45-65": {
        "M": {
            "0": 0.23929471032745592,
            "1": 0.23005877413937867,
            "2": 0.23845507976490343,
            "3": 0.29219143576826195
        }
    },
    "6-15": {
        "F": {
            "0": 0.3974121996303142,
            "1": 0.13123844731977818,
            "2": 0.2365988909426987,
            "3": 0.23475046210720887
        },
        "M": {
            "0": 0.3444976076555024,
            "1": 0.2511961722488038,
            "2": 0.17942583732057416,
            "3": 0.22488038277511962
        }
    },
    "61-99": {
        "F": {
            "0": 0.19768283852280955,
            "1": 0.22881969587255613,
            "2": 0.2635771180304127,
            "3": 0.3099203475742216
        }
    },
    "66-99": {
        "M": {
            "0": 0.23595505617977527,
            "1": 0.22612359550561797,
            "2": 0.24297752808988765,
            "3": 0.2949438202247191
        }
    }
}
