{
    "16-19": {
        "F": {
            "0": 0.03571428571428571,
            "1": 0.041666666666666664,
            "2": 0.30952380952380953,
            "3": 0.5297619047619048,
            "4": 0.08333333333333333
        },
        "M": {
            "0": 0.003968253968253968,
            "1": 0.15873015873015872,
            "2": 0.30952380952380953,
            "3": 0.4246031746031746,
            "4": 0.10317460317460317
        }
    },
    "20-24": {
        "F": {
            "0": 0.025735294117647058,
            "1": 0.10477941176470588,
            "2": 0.30514705882352944,
            "3": 0.39889705882352944,
            "4": 0.16544117647058823
        },
        "M": {
            "0": 0.01859504132231405,
            "1": 0.07024793388429752,
            "2": 0.3615702479338843,
            "3": 0.43388429752066116,
            "4": 0.11570247933884298
        }
    },
    "25-44": {
        "F": {
            "0": 0.01802325581395349,
            "1": 0.08488372093023255,
            "2": 0.46162790697674416,
            "3": 0.3412790697674419,
            "4": 0.0941860465116279
        },
        "M": {
            "0": 0.015078821110349555,
            "1": 0.050034270047978065,
            "2": 0.5757368060315284,
            "3": 0.27690198766278273,
            "4": 0.0822481151473612
        }
    },
    "45-60": {
        "F": {
            "0": 0.014107883817427386,
            "1": 0.08215767634854772,
            "2": 0.3759336099585062,
            "3": 0.379253112033195,
            "4": 0.14854771784232365
        }
    },
    "45-65": {
        "M": {
            "0": 0.011754827875734676,
            "1": 0.051217464315701094,
            "2": 0.5440806045340051,
            "3": 0.3022670025188917,
            "4": 0.0906801007556675
        }
    },
    "6-15": {
        "F": {
            "0": 0.018484288354898338,
            "1": 0.051756007393715345,
            "2": 0.4565619223659889,
            "3": 0.3567467652495379,
            "4": 0.11645101663585952
        },
        "M": {
            "0": 0.002386634844868735,
            "1": 0.0405727923627685,
            "2": 0.4510739856801909,
            "3": 0.3723150357995227,
            "4": 0.13365155131264916
        }
    },
    "61-99": {
        "F": {
            "0": 0.007965242577842143,
            "1": 0.04779145546705286,
            "2": 0.278783490224475,
            "3": 0.46270818247646633,
            "4": 0.20275162925416365
        }
    },
    "66-99": {
        "M": {
            "0": 0.0056179775280898875,
            "1": 0.033707865168539325,
            "2": 0.39747191011235955,
            "3": 0.40870786516853935,
            "4": 0.1544943820224719
        }
    }
}
