{
    "16-19": {
        "F": {
            "0": 0.011904761904761904,
            "1": 0.047619047619047616,
            "2": 0.2916666666666667,
            "3": 0.5059523809523809,
            "4": 0.14285714285714285
        },
        "M": {
            "0": 0.003968253968253968,
            "1": 0.051587301587301584,
            "2": 0.30158730158730157,
            "3": 0.5515873015873016,
            "4": 0.09126984126984126
        }
    },
    "20-24": {
        "F": {
            "0": 0.0055147058823529415,
            "1": 0.04779411764705882,
            "2": 0.23897058823529413,
            "3": 0.47058823529411764,
            "4": 0.23713235294117646
        },
        "M": {
            "0": 0.008264462809917356,
            "1": 0.04132231404958678,
            "2": 0.3037190082644628,
            "3": 0.493801652892562,
            "4": 0.15289256198347106
        }
    },
    "25-44": {
        "F": {
            "0": 0.004651162790697674,
            "1": 0.0377906976744186,
            "2": 0.45058139534883723,
            "3": 0.37732558139534883,
            "4": 0.1296511627906977
        },
        "M": {
            "0": 0.0054832076764907475,
            "1": 0.03015764222069911,
            "2": 0.566826593557231,
            "3": 0.31802604523646333,
            "4": 0.07950651130911583
        }
    },
    "45-60": {
        "F": {
            "0": 0.00995850622406639,
            "1": 0.043153526970954356,
            "2": 0.38423236514522824,
            "3": 0.3991701244813278,
            "4": 0.16348547717842324
        }
    },
    "45-65": {
        "M": {
            "0": 0.007556675062972292,
            "1": 0.020151133501259445,
            "2": 0.5323257766582704,
            "3": 0.33753148614609574,
            "4": 0.10243492863140219
        }
    },
    "6-15": {
        "F": {
            "0": 0.0036968576709796672,
            "1": 0.036968576709796676,
            "2": 0.47689463955637706,
            "3": 0.33826247689463956,
            "4": 0.14417744916820702
        },
        "M": {
            "0": 0.002386634844868735,
            "1": 0.01909307875894988,
            "2": 0.4009546539379475,
            "3": 0.4510739856801909,
            "4": 0.12649164677804295
        }
    },
    "61-99": {
        "F": {
            "0": 0.010137581462708182,
            "1": 0.022447501810282405,
            "2": 0.30340333091962346,
            "3": 0.4503982621288921,
            "4": 0.21361332367849384
        }
    },
    "66-99": {
        "M": {
            "0": 0.0028089887640449437,
            "1": 0.016853932584269662,
            "2": 0.3539325842696629,
            "3": 0.4297752808988764,
            "4": 0.19662921348314608
        }
    }
}
