{
    "1": 0.0026711006728090446,
    "2": 0.0026915507957457454,
    "3": 0.002189736240606708,
    "4": 0.0011436337980754861,
    "5": 0.0016800562535689398,
    "6": 0.001920738469670108,
    "7": 0.0010649794790881762,
    "8": 0.0012081303396450803,
    "9": 0.00209377797144219,
    "10": 0.0011310491070375165,
    "11": 0.0029857179487582843,
    "12": 0.0038273191619225,
    "13": 0.002792228324049502,
    "14": 0.003723495460859251,
    "15": 0.00477117098977022,
    "16": 0.00620267959533926,
    "17": 0.000508106900658022,
    "18": 0.0002501207343796455,
    "19": 0.007228331914933781,
    "20": 0.009480991610730337,
    "21": 1.5730863797461982e-06,
    "22": 0.005038595674327073,
    "23": 0.0037407994110364596,
    "24": 0.008054202264300534,
    "25": 0.0012568960174172124,
    "26": 0.007609018818832361,
    "27": 0.0040837322418211305,
    "28": 0.0020198429115941188,
    "29": 0.002482330307239501,
    "30": 0.0008211510902275155,
    "31": 0.0016548868714930005,
    "32": 0.005508948501871187,
    "33": 0.0045556581557449904,
    "34": 0.0064056077383265195,
    "35": 0.01345618089234898,
    "36": 0.011189363419134709,
    "37": 0.001072844910986907,
    "38": 0.006116159844453219,
    "39": 0.010995873794425926,
    "40": 0.006753259828250429,
    "41": 0.0006842925751895962,
    "42": 0.00204815846642955,
    "43": 2.674246845568537e-05,
    "44": 0.0,
    "45": 1.887703655695438e-05,
    "46": 0.0038147344708845308,
    "47": 0.008393988922325714,
    "48": 0.005741765286073623,
    "49": 0.0038273191619225,
    "50": 0.006221556631896214,
    "51": 0.00024854764799989935,
    "52": 0.00023124369782269113,
    "53": 0.0034167436168087424,
    "54": 0.014098000135285428,
    "55": 0.00813442966966759,
    "56": 0.0040066510092135665,
    "57": 0.007130800559389517,
    "58": 0.003427755221466966,
    "59": 0.0035473097863276772,
    "60": 0.0031776344870873205,
    "61": 0.005055899624504281,
    "62": 0.005353212950276313,
    "63": 0.0,
    "64": 0.00012270073762020347,
    "65": 0.01931592765690357,
    "66": 0.009982806165869374,
    "67": 0.0031681959688088434,
    "68": 0.003522140404251738,
    "69": 0.0016517406987335082,
    "70": 0.00029574023939228525,
    "71": 3.9327159493654955e-05,
    "72": 0.0009485710869869575,
    "73": 1.4157777417715784e-05,
    "74": 0.0034403399125049355,
    "75": 0.0007283389938224898,
    "76": 9.753135554426429e-05,
    "77": 0.0008604782497211704,
    "78": 0.002840994001821634,
    "79": 0.002570423144505288,
    "80": 0.006427630947642966,
    "81": 0.004368460876555192,
    "82": 0.001157791575493202,
    "83": 0.004403068776909609,
    "84": 0.0028394209154418877,
    "85": 0.0042709295210109285,
    "86": 0.0004530488773669051,
    "87": 0.0009973367647590897,
    "88": 2.0450122936700576e-05,
    "89": 0.002419406852049653,
    "90": 0.008153306706224545,
    "91": 0.002705708573163461,
    "92": 0.0005741765286073623,
    "93": 0.0038367576802009777,
    "94": 0.003396293493872042,
    "95": 0.006002897625111492,
    "96": 0.0004986683823795449,
    "97": 0.0,
    "98": 0.0038666463214161555,
    "99": 0.003319212261264478,
    "100": 0.010151126408502218,
    "101": 0.002285694509771226,
    "102": 3.4607900354416364e-05,
    "103": 0.013706301626728624,
    "104": 4.561950501263975e-05,
    "105": 0.004090024587340115,
    "106": 0.0002501207343796455,
    "107": 0.0029574023939228527,
    "108": 0.0011688031801514252,
    "109": 0.0013670120639994463,
    "110": 0.0,
    "111": 0.0,
    "112": 0.002148835994733307,
    "113": 0.0018074762503283819,
    "114": 0.0,
    "115": 0.0004184409770124887,
    "116": 0.006330099592098702,
    "117": 0.003783272743289607,
    "118": 0.0009737404690628967,
    "119": 0.0014252162600500557,
    "120": 8.65197508860409e-05,
    "121": 0.0045367811191880355,
    "122": 0.0008541859042021856,
    "123": 0.0,
    "124": 0.0,
    "125": 0.00021708592040497535,
    "126": 2.2023209316446777e-05,
    "127": 0.0018515226689612752,
    "128": 0.003205950041922752,
    "129": 0.005227366039896617,
    "130": 0.0033553932479986406,
    "131": 0.0039626045905806736,
    "132": 0.007431260057921041,
    "133": 0.0,
    "134": 0.001985235011239702,
    "135": 0.006908995379845303,
    "136": 5.663110967086314e-05,
    "137": 0.003435620653365697,
    "138": 0.0045462196374665125,
    "139": 0.003855634716757932,
    "140": 0.0004499027046074127,
    "141": 0.00794880547685754,
    "142": 0.005787384791086263,
    "143": 0.011968041177109076,
    "144": 0.00530444727250418,
    "145": 2.3596295696192974e-05,
    "146": 0.001110598984100816,
    "147": 0.0021960285861256927,
    "148": 0.00630178403726327,
    "149": 0.007805654616300636,
    "150": 0.010376077760805924,
    "151": 0.002800093755948233,
    "152": 2.2023209316446777e-05,
    "153": 0.004178117424605903,
    "154": 0.0045462196374665125,
    "155": 0.00021236666126573677,
    "156": 0.009940332833616226,
    "157": 0.010624625408805823,
    "158": 0.006610108967693525,
    "159": 0.0018798382237967069,
    "160": 0.00676112526014916,
    "161": 6.292345518984793e-06,
    "162": 0.0007912624490123378,
    "163": 0.012081303396450803,
    "164": 0.008906815082122975,
    "165": 0.004209579152200826,
    "166": 1.7303950177208182e-05,
    "167": 1.573086379746198e-05,
    "168": 0.004734990003036056,
    "169": 0.007876443503389214,
    "170": 0.0007157543027845202,
    "171": 0.0023454717922015817,
    "172": 0.0028693095566570655,
    "173": 0.001881411310176453,
    "174": 0.00011483530572147248,
    "175": 0.0023313140147838657,
    "176": 1.4157777417715784e-05,
    "177": 0.0,
    "178": 0.001760283658935996,
    "179": 0.002254232782176302,
    "180": 0.00360394089599854,
    "181": 0.004041258909567983,
    "182": 0.0,
    "183": 0.0,
    "184": 0.0012568960174172124,
    "185": 0.005935254910782406,
    "186": 0.0031540381913911274,
    "187": 0.0033207853476442243,
    "188": 0.0,
    "189": 0.0,
    "190": 6.606962794934032e-05,
    "191": 3.9327159493654955e-05,
    "192": 0.0011011604658223387,
    "193": 0.0007723854124553833,
    "194": 0.00268525845022676,
    "195": 0.002524803639492648,
    "196": 0.0037581033612136675,
    "197": 0.005763788495390071,
    "198": 0.0006842925751895962,
    "199": 0.005107811475035906,
    "200": 0.002380079692555998,
    "201": 0.0010980142930628464,
    "202": 0.0028048130150874714,
    "203": 0.0003272019669872092,
    "204": 6.606962794934032e-05,
    "205": 0.0035111287995935143,
    "206": 1.7303950177208182e-05,
    "207": 0.0014661165059234567,
    "208": 0.0017524182270372648,
    "209": 0.0,
    "210": 0.0,
    "211": 0.0004577681365061437,
    "212": 0.000690584920708581,
    "213": 0.00013056616951893446,
    "214": 1.4157777417715784e-05,
    "215": 0.0,
    "216": 0.002125239699037114,
    "217": 0.005320178136301643,
    "218": 0.003037629799289909,
    "219": 0.0061602062630861125,
    "220": 0.0013717313231386848,
    "221": 0.0036558527465301647,
    "222": 0.004003504836454074,
    "223": 0.0008998054092148254,
    "224": 4.090024587340115e-05,
    "225": 2.3596295696192974e-05,
    "226": 0.0012238612034425422,
    "227": 0.00030203258491127006,
    "228": 0.00508106900658022,
    "229": 0.0037360801518972206,
    "230": 0.0021095088352396517,
    "231": 0.0009658750371641657,
    "232": 0.0022479404366573174,
    "233": 6.921580070883273e-05,
    "234": 0.0025137920348344248,
    "235": 0.0011798147848096486,
    "236": 0.0,
    "237": 0.0,
    "238": 0.00030360567129101624,
    "239": 0.0,
    "240": 0.0006701347977718804,
    "241": 0.0007126081300250278,
    "242": 0.001316673299847568,
    "243": 5.977728243035553e-05,
    "244": 2.3596295696192974e-05,
    "245": 7.86543189873099e-06,
    "246": 0.00015258937883538124,
    "247": 0.005659964794326821,
    "248": 7.86543189873099e-06,
    "249": 0.00018562419281005138,
    "250": 0.00027214394369609227,
    "251": 2.9888641215177766e-05,