{
    "dom": {
        "4": 0.00016969285593076533,
        "5": 0.00033938571186153065,
        "6": 0.0008484642796538266,
        "7": 0.006108942813507551,
        "8": 0.011030035635499745,
        "9": 0.02290853555065332,
        "10": 0.03258102833870694,
        "11": 0.04819277108433735,
        "12": 0.06244697098252164,
        "13": 0.07500424232139827,
        "14": 0.11861530629560496,
        "15": 0.13812998472764296,
        "16": 0.15679619888002716,
        "17": 0.11539114203292042,
        "18": 0.08857967079585949,
        "19": 0.05786526387239097,
        "20": 0.03207194977091465,
        "21": 0.016799592737145767,
        "22": 0.012896657050738164,
        "23": 0.003224164262684541
    },
    "praca": {
        "4": 0.010008006405124099,
        "5": 0.07285828662930344,
        "6": 0.22698158526821458,
        "7": 0.3458767013610889,
        "8": 0.18734987990392313,
        "9": 0.06485188150520416,
        "10": 0.018414731785428344,
        "11": 0.014811849479583666,
        "12": 0.010808646917534028,
        "13": 0.020816653322658127,
        "14": 0.006405124099279423,
        "15": 0.003602882305844676,
        "16": 0.0040032025620496394,
        "17": 0.003602882305844676,
        "18": 0.0028022417934347476,
        "19": 0.0008006405124099279,
        "20": 0.0008006405124099279,
        "21": 0.004403522818254604,
        "22": 0.00040032025620496394,
        "23": 0.00040032025620496394
    },
    "szkola": {
        "6": 0.01875,
        "7": 0.76125,
        "8": 0.1025,
        "9": 0.0375,
        "10": 0.00875,
        "11": 0.00875,
        "12": 0.00875,
        "13": 0.0125,
        "14": 0.01625,
        "15": 0.01375,
        "16": 0.00625,
        "17": 0.0025,
        "18": 0.00125,
        "19": 0.00125
    },
    "uczelnia": {
        "6": 0.022535211267605635,
        "7": 0.28732394366197184,
        "8": 0.2704225352112676,
        "9": 0.19154929577464788,
        "10": 0.11830985915492957,
        "11": 0.03380281690140845,
        "12": 0.022535211267605635,
        "13": 0.016901408450704224,
        "14": 0.008450704225352112,
        "15": 0.008450704225352112,
        "16": 0.008450704225352112,
        "17": 0.005633802816901409,
        "18": 0.0028169014084507044,
        "19": 0.0028169014084507044
    },
    "adults_entertainment": {
        "4": 0.0009839291571006887,
        "5": 0.005903574942604133,
        "6": 0.0177107248278124,
        "7": 0.0498524106264349,
        "8": 0.06592325352574614,
        "9": 0.10856018366677599,
        "10": 0.1341423417513939,
        "11": 0.09904886848146933,
        "12": 0.07117087569694983,
        "13": 0.05739586749754018,
        "14": 0.05182026894063627,
        "15": 0.07510659232535258,
        "16": 0.08494588389635946,
        "17": 0.08133814365365694,
        "18": 0.05313217448343719,
        "19": 0.03082978025582158,
        "20": 0.006231551328304362,
        "21": 0.004263693014102984,
        "22": 0.0013119055428009183,
        "23": 0.00032797638570022957
    },
    "culture_and_entertainment": {
        "4": 0.0009839291571006887,
        "5": 0.005903574942604133,
        "6": 0.0177107248278124,
        "7": 0.0498524106264349,
        "8": 0.06592325352574614,
        "9": 0.10856018366677599,
        "10": 0.1341423417513939,
        "11": 0.09904886848146933,
        "12": 0.07117087569694983,
        "13": 0.05739586749754018,
        "14": 0.05182026894063627,
        "15": 0.07510659232535258,
        "16": 0.08494588389635946,
        "17": 0.08133814365365694,
        "18": 0.05313217448343719,
        "19": 0.03082978025582158,
        "20": 0.006231551328304362,
        "21": 0.004263693014102984,
        "22": 0.0013119055428009183,
        "23": 0.00032797638570022957
    },
    "gastronomy": {
        "4": 0.0009839291571006887,
        "5": 0.005903574942604133,
        "6": 0.0177107248278124,
        "7": 0.0498524106264349,
        "8": 0.06592325352574614,
        "9": 0.10856018366677599,
        "10": 0.1341423417513939,
        "11": 0.09904886848146933,
        "12": 0.07117087569694983,
        "13": 0.05739586749754018,
        "14": 0.05182026894063627,
        "15": 0.07510659232535258,
        "16": 0.08494588389635946,
        "17": 0.08133814365365694,
        "18": 0.05313217448343719,
        "19": 0.03082978025582158,
        "20": 0.006231551328304362,
        "21": 0.004263693014102984,
        "22": 0.0013119055428009183,
        "23": 0.00032797638570022957
    },
    "grocery_shopping": {
        "4": 0.0009839291571006887,
        "5": 0.005903574942604133,
        "6": 0.0177107248278124,
        "7": 0.0498524106264349,
        "8": 0.06592325352574614,
        "9": 0.10856018366677599,
        "10": 0.1341423417513939,
        "11": 0.09904886848146933,
        "12": 0.07117087569694983,
        "13": 0.05739586749754018,
        "14": 0.05182026894063627,
        "15": 0.07510659232535258,
        "16": 0.08494588389635946,
        "17": 0.08133814365365694,
        "18": 0.05313217448343719,
        "19": 0.03082978025582158,
        "20": 0.006231551328304362,
        "21": 0.004263693014102984,
        "22": 0.0013119055428009183,
        "23": 0.00032797638570022957
    },
    "healthcare": {
        "4": 0.0009839291571006887,
        "5": 0.005903574942604133,
        "6": 0.0177107248278124,
        "7": 0.0498524106264349,
        "8": 0.06592325352574614,
        "9": 0.10856018366677599,
        "10": 0.1341423417513939,
        "11": 0.09904886848146933,
        "12": 0.07117087569694983,
        "13": 0.05739586749754018,
        "14": 0.05182026894063627,
        "15": 0.07510659232535258,
        "16": 0.08494588389635946,
        "17": 0.08133814365365694,
        "18": 0.05313217448343719,
        "19": 0.03082978025582158,
        "20": 0.006231551328304362,
        "21": 0.004263693014102984,
        "22": 0.0013119055428009183,
        "23": 0.00032797638570022957
    },
    "leisure_time_schools": {
        "4": 0.0009839291571006887,
        "5": 0.005903574942604133,
        "6": 0.0177107248278124,
        "7": 0.0498524106264349,
        "8": 0.06592325352574614,
        "9": 0.10856018366677599,
        "10": 0.1341423417513939,
        "11": 0.09904886848146933,
        "12": 0.07117087569694983,
        "13": 0.05739586749754018,
        "14": 0.05182026894063627,
        "15": 0.07510659232535258,
        "16": 0.08494588389635946,
        "17": 0.08133814365365694,
        "18": 0.05313217448343719,
        "19": 0.03082978025582158,
        "20": 0.006231551328304362,
        "21": 0.004263693014102984,
        "22": 0.0013119055428009183,
        "23": 0.00032797638570022957
    },
    "official_matters": {
        "4": 0.0009839291571006887,
        "5": 0.005903574942604133,
        "6": 0.0177107248278124,
        "7": 0.0498524106264349,
        "8": 0.06592325352574614,
        "9": 0.10856018366677599,
        "10": 0.1341423417513939,
        "11": 0.09904886848146933,
        "12": 0.07117087569694983,
        "13": 0.05739586749754018,
        "14": 0.05182026894063627,
        "15": 0.07510659232535258,
        "16": 0.08494588389635946,
        "17": 0.08133814365365694,
        "18": 0.05313217448343719,
        "19": 0.03082978025582158,
        "20": 0.006231551328304362,
        "21": 0.004263693014102984,
        "22": 0.0013119055428009183,
        "23": 0.00032797638570022957
    },
    "other": {
        "4": 0.0009839291571006887,
        "5": 0.005903574942604133,
        "6": 0.0177107248278124,
        "7": 0.0498524106264349,
        "8": 0.06592325352574614,
        "9": 0.10856018366677599,
        "10": 0.1341423417513939,
        "11": 0.09904886848146933,
        "12": 0.07117087569694983,
        "13": 0.05739586749754018,
        "14": 0.05182026894063627,
        "15": 0.07510659232535258,
        "16": 0.08494588389635946,
        "17": 0.08133814365365694,
        "18": 0.05313217448343719,