{
    "16-19": {
        "F": {
            "school,home": 0.5952380952380952,
            "other,home": 0.10714285714285714,
            "university,home": 0.09523809523809523,
            "work,home": 0.047619047619047616,
            "school,home,other,home": 0.047619047619047616,
            "other,other,school,other,other,home": 0.011904761904761904,
            "other,school,home,other,home": 0.011904761904761904,
            "work,home,other,home": 0.011904761904761904,
            "work,other,home": 0.011904761904761904,
            "school,other,home": 0.011904761904761904,
            "school,school,other,other,other,other,home": 0.011904761904761904,
            "university,home,other,home": 0.011904761904761904,
            "university,home,university,home": 0.011904761904761904,
            "university,work,home": 0.011904761904761904
        },
        "M": {
            "school,home": 0.6451612903225806,
            "other,home": 0.11290322580645161,
            "university,home": 0.08064516129032258,
            "school,home,other,home": 0.04032258064516129,
            "school,other,home": 0.04032258064516129,
            "work,home": 0.024193548387096774,
            "other,home,other,home,other,home": 0.008064516129032258,
            "other,school,home": 0.008064516129032258,
            "work,other,home": 0.008064516129032258,
            "school,other,other,other,home": 0.008064516129032258,
            "school,other,other,other,other,home": 0.008064516129032258,
            "university,home,work,home": 0.008064516129032258,
            "university,other,home": 0.008064516129032258
        }
    },
    "20-24": {
        "F": {
            "university,home": 0.3401639344262295,
            "other,home": 0.20491803278688525,
            "work,home": 0.1721311475409836,
            "university,other,home": 0.09016393442622951,
            "school,home": 0.040983606557377046,
            "university,home,other,home": 0.036885245901639344,
            "university,home,university,home": 0.020491803278688523,
            "other,home,other,home": 0.01639344262295082,
            "work,other,home": 0.01639344262295082,
            "university,work,home": 0.012295081967213115,
            "other,other,home": 0.00819672131147541,
            "work,home,other,home": 0.00819672131147541,
            "university,other,university,home": 0.00819672131147541,
            "other,home,university,home,school,home": 0.004098360655737705,
            "other,other,university,home": 0.004098360655737705,
            "school,other,home": 0.004098360655737705,
            "university,other,other,other,home": 0.004098360655737705,
            "university,other,university,other,other,home": 0.004098360655737705,
            "university,university,other,home": 0.004098360655737705
        },
        "M": {
            "university,home": 0.3739130434782609,
            "other,home": 0.21304347826086956,
            "work,home": 0.1826086956521739,
            "university,other,home": 0.05652173913043478,
            "university,home,other,home": 0.043478260869565216,
            "school,home": 0.021739130434782608,
            "university,home,university,home": 0.017391304347826087,
            "university,home,work,home": 0.013043478260869565,
            "other,other,home": 0.008695652173913044,
            "work,other,home": 0.008695652173913044,
            "other,other,other,home": 0.004347826086956522,
            "other,other,work,home": 0.004347826086956522,
            "other,other,university,other,other,home": 0.004347826086956522,
            "other,work,home": 0.004347826086956522,
            "other,work,other,home": 0.004347826086956522,
            "work,home,other,home": 0.004347826086956522,
            "work,home,work,home": 0.004347826086956522,
            "work,home,university,home": 0.004347826086956522,
            "school,home,school,home": 0.004347826086956522,
            "university,home,other,other,home": 0.004347826086956522,
            "university,home,university,home,university,home": 0.004347826086956522,
            "university,other,other,home,other,home": 0.004347826086956522,
            "university,work,home": 0.004347826086956522,
            "university,university,home": 0.004347826086956522
        }
    },
    "25-44": {
        "F": {
            "work,home": 0.5160621761658031,
            "other,home": 0.2528497409326425,
            "work,other,home": 0.04766839378238342,
            "work,home,other,home": 0.029015544041450778,
            "university,home": 0.019689119170984457,
            "other,home,other,home": 0.015544041450777202,
            "school,home": 0.015544041450777202,
            "other,other,home": 0.010362694300518135,
            "work,work,home": 0.008290155440414507,
            "school,work,home": 0.008290155440414507,
            "other,work,home": 0.007253886010362694,
            "school,home,school,home": 0.007253886010362694,
            "school,work,school,home": 0.0062176165803108805,
            "other,home,work,home": 0.004145077720207254,
            "other,work,other,home": 0.004145077720207254,
            "work,home,work,home": 0.004145077720207254,
            "work,other,other,home": 0.004145077720207254,
            "school,other,home,school,home": 0.004145077720207254,
            "university,other,home": 0.004145077720207254,
            "work,school,home": 0.0031088082901554403,
            "other,home,other,home,other,home": 0.002072538860103627,
            "other,other,work,other,other,home": 0.002072538860103627,
            "work,home,school,home": 0.002072538860103627,
            "school,other,home": 0.002072538860103627,
            "school,work,other,home": 0.002072538860103627,
            "school,work,school,home,other,home": 0.002072538860103627,
            "other,home,other,work,other,home": 0.0010362694300518134,
            "other,home,school,home": 0.0010362694300518134,
            "other,other,home,other,home": 0.0010362694300518134,
            "other,other,other,home": 0.0010362694300518134,
            "other,other,other,other,home": 0.0010362694300518134,
            "other,other,work,home": 0.0010362694300518134,
            "other,school,other,home": 0.0010362694300518134,
            "work,home,other,other,home": 0.0010362694300518134,
            "school,home,other,home,work,school,home": 0.0010362694300518134,
            "school,home,other,home,school,home": 0.0010362694300518134,
            "school,home,other,school,home": 0.0010362694300518134,
            "school,home,work,home": 0.0010362694300518134,
            "school,work,school,home,work,home": 0.0010362694300518134,
            "university,other,other,other,home": 0.0010362694300518134,
            "university,work,home": 0.0010362694300518134
        },
        "M": {
            "work,home": 0.6527929901423878,
            "other,home": 0.1664841182913472,
            "work,other,home": 0.05147864184008762,
            "work,home,other,home": 0.029572836801752465,
            "university,home": 0.027382256297918947,
            "work,work,home": 0.013143483023001095,
            "other,other,home": 0.0065717415115005475,
            "work,home,work,home": 0.0065717415115005475,
            "school,work,home": 0.00547645125958379,
            "work,other,other,home": 0.004381161007667032,
            "other,home,other,home": 0.0032858707557502738,
            "other,other,other,home": 0.0032858707557502738,
            "other,work,home": 0.0032858707557502738,
            "school,home": 0.0032858707557502738,
            "school,work,other,home": 0.0032858707557502738,
            "other,home,work,home": 0.002190580503833516,
            "other,home,other,work,home": 0.001095290251916758,
            "other,other,home,other,home": 0.001095290251916758,
            "other,other,work,other,other,home": 0.001095290251916758,