{
    "16-19_K": {
        "szkola,dom": 0.5952380952380952,
        "inne,dom": 0.10714285714285714,
        "uczelnia,dom": 0.09523809523809523,
        "praca,dom": 0.047619047619047616,
        "szkola,dom,inne,dom": 0.047619047619047616,
        "inne,inne,szkola,inne,inne,dom": 0.011904761904761904,
        "inne,szkola,dom,inne,dom": 0.011904761904761904,
        "praca,dom,inne,dom": 0.011904761904761904,
        "praca,inne,dom": 0.011904761904761904,
        "szkola,inne,dom": 0.011904761904761904,
        "szkola,szkola,inne,inne,inne,inne,dom": 0.011904761904761904,
        "uczelnia,dom,inne,dom": 0.011904761904761904,
        "uczelnia,dom,uczelnia,dom": 0.011904761904761904,
        "uczelnia,praca,dom": 0.011904761904761904
    },
    "16-19_M": {
        "szkola,dom": 0.6451612903225806,
        "inne,dom": 0.11290322580645161,
        "uczelnia,dom": 0.08064516129032258,
        "szkola,dom,inne,dom": 0.04032258064516129,
        "szkola,inne,dom": 0.04032258064516129,
        "praca,dom": 0.024193548387096774,
        "inne,dom,inne,dom,inne,dom": 0.008064516129032258,
        "inne,szkola,dom": 0.008064516129032258,
        "praca,inne,dom": 0.008064516129032258,
        "szkola,inne,inne,inne,dom": 0.008064516129032258,
        "szkola,inne,inne,inne,inne,dom": 0.008064516129032258,
        "uczelnia,dom,praca,dom": 0.008064516129032258,
        "uczelnia,inne,dom": 0.008064516129032258
    },
    "20-24_K": {
        "uczelnia,dom": 0.3401639344262295,
        "inne,dom": 0.20491803278688525,
        "praca,dom": 0.1721311475409836,
        "uczelnia,inne,dom": 0.09016393442622951,
        "szkola,dom": 0.040983606557377046,
        "uczelnia,dom,inne,dom": 0.036885245901639344,
        "uczelnia,dom,uczelnia,dom": 0.020491803278688523,
        "inne,dom,inne,dom": 0.01639344262295082,
        "praca,inne,dom": 0.01639344262295082,
        "uczelnia,praca,dom": 0.012295081967213115,
        "inne,inne,dom": 0.00819672131147541,
        "praca,dom,inne,dom": 0.00819672131147541,
        "uczelnia,inne,uczelnia,dom": 0.00819672131147541,
        "inne,dom,uczelnia,dom,szkola,dom": 0.004098360655737705,
        "inne,inne,uczelnia,dom": 0.004098360655737705,
        "szkola,inne,dom": 0.004098360655737705,
        "uczelnia,inne,inne,inne,dom": 0.004098360655737705,
        "uczelnia,inne,uczelnia,inne,inne,dom": 0.004098360655737705,
        "uczelnia,uczelnia,inne,dom": 0.004098360655737705
    },
    "20-24_M": {
        "uczelnia,dom": 0.3739130434782609,
        "inne,dom": 0.21304347826086956,
        "praca,dom": 0.1826086956521739,
        "uczelnia,inne,dom": 0.05652173913043478,
        "uczelnia,dom,inne,dom": 0.043478260869565216,
        "szkola,dom": 0.021739130434782608,
        "uczelnia,dom,uczelnia,dom": 0.017391304347826087,
        "uczelnia,dom,praca,dom": 0.013043478260869565,
        "inne,inne,dom": 0.008695652173913044,
        "praca,inne,dom": 0.008695652173913044,
        "inne,inne,inne,dom": 0.004347826086956522,
        "inne,inne,praca,dom": 0.004347826086956522,
        "inne,inne,uczelnia,inne,inne,dom": 0.004347826086956522,
        "inne,praca,dom": 0.004347826086956522,
        "inne,praca,inne,dom": 0.004347826086956522,
        "praca,dom,inne,dom": 0.004347826086956522,
        "praca,dom,praca,dom": 0.004347826086956522,
        "praca,dom,uczelnia,dom": 0.004347826086956522,
        "szkola,dom,szkola,dom": 0.004347826086956522,
        "uczelnia,dom,inne,inne,dom": 0.004347826086956522,
        "uczelnia,dom,uczelnia,dom,uczelnia,dom": 0.004347826086956522,
        "uczelnia,inne,inne,dom,inne,dom": 0.004347826086956522,
        "uczelnia,praca,dom": 0.004347826086956522,
        "uczelnia,uczelnia,dom": 0.004347826086956522
    },
    "25-44_K": {
        "praca,dom": 0.5160621761658031,
        "inne,dom": 0.2528497409326425,
        "praca,inne,dom": 0.04766839378238342,
        "praca,dom,inne,dom": 0.029015544041450778,
        "uczelnia,dom": 0.019689119170984457,
        "inne,dom,inne,dom": 0.015544041450777202,
        "szkola,dom": 0.015544041450777202,
        "inne,inne,dom": 0.010362694300518135,
        "praca,praca,dom": 0.008290155440414507,
        "szkola,praca,dom": 0.008290155440414507,
        "inne,praca,dom": 0.007253886010362694,
        "szkola,dom,szkola,dom": 0.007253886010362694,
        "szkola,praca,szkola,dom": 0.0062176165803108805,
        "inne,dom,praca,dom": 0.004145077720207254,
        "inne,praca,inne,dom": 0.004145077720207254,
        "praca,dom,praca,dom": 0.004145077720207254,
        "praca,inne,inne,dom": 0.004145077720207254,
        "szkola,inne,dom,szkola,dom": 0.004145077720207254,
        "uczelnia,inne,dom": 0.004145077720207254,
        "praca,szkola,dom": 0.0031088082901554403,
        "inne,dom,inne,dom,inne,dom": 0.002072538860103627,
        "inne,inne,praca,inne,inne,dom": 0.002072538860103627,
        "praca,dom,szkola,dom": 0.002072538860103627,
        "szkola,inne,dom": 0.002072538860103627,
        "szkola,praca,inne,dom": 0.002072538860103627,
        "szkola,praca,szkola,dom,inne,dom": 0.002072538860103627,
        "inne,dom,inne,praca,inne,dom": 0.0010362694300518134,
        "inne,dom,szkola,dom": 0.0010362694300518134,
        "inne,inne,dom,inne,dom": 0.0010362694300518134,
        "inne,inne,inne,dom": 0.0010362694300518134,
        "inne,inne,inne,inne,dom": 0.0010362694300518134,
        "inne,inne,praca,dom": 0.0010362694300518134,
        "inne,szkola,inne,dom": 0.0010362694300518134,
        "praca,dom,inne,inne,dom": 0.0010362694300518134,
        "szkola,dom,inne,dom,praca,szkola,dom": 0.0010362694300518134,
        "szkola,dom,inne,dom,szkola,dom": 0.0010362694300518134,
        "szkola,dom,inne,szkola,dom": 0.0010362694300518134,
        "szkola,dom,praca,dom": 0.0010362694300518134,
        "szkola,praca,szkola,dom,praca,dom": 0.0010362694300518134,
        "uczelnia,inne,inne,inne,dom": 0.0010362694300518134,
        "uczelnia,praca,dom": 0.0010362694300518134
    },
    "25-44_M": {
        "praca,dom": 0.6527929901423878,
        "inne,dom": 0.1664841182913472,
        "praca,inne,dom": 0.05147864184008762,
        "praca,dom,inne,dom": 0.029572836801752465,
        "uczelnia,dom": 0.027382256297918947,
        "praca,praca,dom": 0.013143483023001095,
        "inne,inne,dom": 0.0065717415115005475,
        "praca,dom,praca,dom": 0.0065717415115005475,
        "szkola,praca,dom": 0.00547645125958379,
        "praca,inne,inne,dom": 0.004381161007667032,
        "inne,dom,inne,dom": 0.0032858707557502738,
        "inne,inne,inne,dom": 0.0032858707557502738,
        "inne,praca,dom": 0.0032858707557502738,
        "szkola,dom": 0.0032858707557502738,
        "szkola,praca,inne,dom": 0.0032858707557502738,
        "inne,dom,praca,dom": 0.002190580503833516,
        "inne,dom,inne,praca,dom": 0.001095290251916758,
        "inne,inne,dom,inne,dom": 0.001095290251916758,
        "inne,inne,praca,inne,inne,dom": 0.001095290251916758,
        "inne,praca,inne,dom": 0.001095290251916758,
        "praca,dom,praca,inne,dom": 0.001095290251916758,
        "praca,inne,dom,inne,dom": 0.001095290251916758,
        "praca,inne,dom,praca,dom": 0.001095290251916758,
        "praca,inne,praca,dom,inne,dom": 0.001095290251916758,
        "praca,praca,praca,dom": 0.001095290251916758,
        "praca,szkola,dom,inne,dom": 0.001095290251916758,
        "szkola,dom,szkola,dom,praca,dom": 0.001095290251916758,
        "szkola,inne,inne,dom,szkola,dom": 0.001095290251916758,
        "szkola,inne,inne,inne,dom": 0.001095290251916758,
        "szkola,praca,szkola,dom": 0.001095290251916758,
        "szkola,praca,szkola,dom,inne,dom": 0.001095290251916758,
        "uczelnia,praca,dom": 0.001095290251916758
    },
    "45-60_K": {
        "praca,dom": 0.49765258215962443,
        "inne,dom": 0.3536776212832551,
        "praca,inne,dom": 0.04225352112676056,
        "inne,inne,dom": 0.02190923317683881,